Trial;Sort;t;y;v;a;;;;
1;metal;0.138;-0.011;-2.548;;;;;
1;metal;0.142;-0.026;-5.380;;;;;-6.80
1;metal;0.146;-0.056;-6.795;;;;;
1;metal;0.150;-0.082;-5.660;;;;;
1;metal;0.154;-0.103;-4.530;;;;;
1;metal;0.158;-0.120;-5.957;;;;;
1;metal;0.163;-0.153;-6.229;;;;;
1;metal;0.167;-0.172;-5.374;;;;;
1;metal;0.171;-0.198;-5.374;;;;;
1;metal;0.175;-0.217;-4.819;;;;;
1;metal;0.179;-0.238;-5.380;;;;;
1;metal;0.183;-0.261;-5.091;;;;;
1;metal;0.188;-0.280;-4.539;;;;;
1;metal;0.192;-0.299;-5.663;;;;;
1;metal;0.196;-0.328;-5.663;;;;;
1;metal;0.200;-0.346;-4.819;;;;;
1;metal;0.204;-0.368;-5.091;;;;;
1;metal;0.208;-0.389;-5.102;;;;;
1;metal;0.213;-0.410;-5.668;;;;;
1;metal;0.217;-0.436;-5.660;;;;;
1;metal;0.221;-0.457;-5.380;;;;;
1;metal;0.225;-0.481;-4.528;;;;;
1;metal;0.229;-0.495;-4.244;;;;;
1;metal;0.233;-0.516;-4.528;;;;;
1;metal;0.238;-0.533;-4.813;;;;;
1;metal;0.242;-0.556;-5.097;;;;;
1;metal;0.246;-0.575;-4.824;;;;;
1;metal;0.250;-0.597;-6.232;;;;;
1;metal;0.254;-0.627;-5.091;;;;;
1;metal;0.258;-0.639;-3.686;;;;;
1;metal;0.263;-0.658;-4.813;;;;;
1;metal;0.267;-0.679;-3.959;;;;;
1;metal;0.271;-0.691;-4.250;;;;;
1;metal;0.275;-0.715;-5.099;;;;;
1;metal;0.279;-0.733;-4.811;;;;;
1;metal;0.283;-0.755;-5.663;;;;;
1;metal;0.288;-0.781;-4.525;;;;;
1;metal;0.292;-0.792;-3.398;;;;;
1;metal;0.296;-0.809;-3.684;;;;;
1;metal;0.300;-0.823;-4.253;;;;;
1;metal;0.304;-0.844;-4.536;;;;;
1;metal;0.308;-0.861;-4.811;;;;;
1;metal;0.313;-0.884;-5.377;;;;;
1;metal;0.317;-0.906;-3.964;;;;;
1;metal;0.321;-0.918;-3.684;;;;;
1;metal;0.325;-0.936;-4.530;;;;;
1;metal;0.329;-0.955;-4.528;;;;;
1;metal;0.333;-0.974;-4.244;;;;;
1;metal;0.338;-0.991;-3.120;;;;;
1;metal;0.342;-1.000;-4.258;;;;;
1;metal;0.346;-1.026;-4.811;;;;;
1;metal;0.350;-1.040;-3.395;;;;;
1;metal;0.354;-1.054;-3.684;;;;;
1;metal;0.358;-1.071;-4.522;;;;;
1;metal;0.363;-1.092;-3.684;;;;;
1;metal;0.367;-1.102;-3.403;;;;;
1;metal;0.371;-1.120;-4.528;;;;;
1;metal;0.375;-1.139;-2.829;;;;;
1;metal;0.379;-1.144;-2.834;;;;;
1;metal;0.383;-1.163;-3.400;;;;;
1;metal;0.388;-1.172;-2.834;;;;;
1;metal;0.392;-1.187;-3.967;;;;;
1;metal;0.396;-1.205;-3.395;;;;;
1;metal;0.400;-1.215;-3.120;;;;;
1;metal;0.404;-1.231;-3.398;;;;;
1;metal;0.408;-1.243;-2.829;;;;;
1;metal;0.413;-1.255;-2.837;;;;;
2;metal;0.063;-0.005;-2.126;;;;;
2;metal;0.067;-0.017;-3.342;;;;;
2;metal;0.071;-0.033;-4.557;;;;;
2;metal;0.075;-0.055;-6.076;;;;;
2;metal;0.079;-0.083;-6.076;;;;;
2;metal;0.083;-0.106;-5.164;;;;;
2;metal;0.088;-0.126;-4.860;;;;;
2;metal;0.092;-0.147;-5.772;;;;;
2;metal;0.096;-0.174;-7.594;;;;;
2;metal;0.100;-0.210;-4.557;;;;;
2;metal;0.104;-0.212;-4.253;;;;;
2;metal;0.108;-0.245;-6.076;;;;;
2;metal;0.113;-0.263;-5.164;;;;;
2;metal;0.117;-0.288;-4.860;;;;;
2;metal;0.121;-0.304;-4.557;;;;;
2;metal;0.125;-0.326;-5.772;;;;;
2;metal;0.129;-0.352;-5.468;;;;;
2;metal;0.133;-0.372;-4.253;;;;;
2;metal;0.138;-0.387;-4.253;;;;;
2;metal;0.142;-0.407;-5.772;;;;;
2;metal;0.146;-0.435;-5.468;;;;;
2;metal;0.150;-0.453;-4.860;;;;;
2;metal;0.154;-0.476;-5.772;;;;;
2;metal;0.158;-0.501;-4.557;;;;;
2;metal;0.163;-0.514;-4.557;;;;;
2;metal;0.167;-0.539;-4.860;;;;;
2;metal;0.171;-0.554;-4.557;;;;;
2;metal;0.175;-0.577;-4.557;;;;;
2;metal;0.179;-0.592;-4.557;;;;;
2;metal;0.183;-0.615;-5.468;;;;;
2;metal;0.188;-0.638;-4.557;;;;;
2;metal;0.192;-0.653;-3.645;;;;;
2;metal;0.196;-0.668;-4.557;;;;;
2;metal;0.200;-0.691;-4.860;;;;;
2;metal;0.204;-0.709;-4.860;;;;;
2;metal;0.208;-0.731;-4.557;;;;;
2;metal;0.213;-0.747;-4.253;;;;;
2;metal;0.217;-0.767;-4.860;;;;;
2;metal;0.221;-0.787;-4.253;;;;;
2;metal;0.225;-0.802;-3.949;;;;;
2;metal;0.229;-0.820;-5.164;;;;;
2;metal;0.233;-0.845;-6.076;;;;;
2;metal;0.238;-0.871;-4.253;;;;;
2;metal;0.242;-0.881;-4.253;;;;;
2;metal;0.246;-0.906;-6.076;;;;;
2;metal;0.250;-0.931;-3.038;;;;;
2;metal;0.254;-0.931;-2.430;;;;;
2;metal;0.258;-0.952;-5.468;;;;;
2;metal;0.263;-0.977;-5.164;;;;;
2;metal;0.267;-0.995;-2.734;;;;;
2;metal;0.271;-1.000;-3.038;;;;;
2;metal;0.275;-1.020;-3.949;;;;;
2;metal;0.279;-1.033;-3.645;;;;;
2;metal;0.283;-1.050;-3.645;;;;;
2;metal;0.288;-1.063;-3.645;;;;;
2;metal;0.292;-1.081;-3.342;;;;;
2;metal;0.296;-1.091;-3.038;;;;;
2;metal;0.300;-1.106;-4.253;;;;;
2;metal;0.304;-1.126;-4.860;;;;;
2;metal;0.308;-1.146;-4.253;;;;;
2;metal;0.313;-1.162;-2.734;;;;;
2;metal;0.317;-1.169;-3.038;;;;;
2;metal;0.321;-1.187;-3.342;;;;;
2;metal;0.325;-1.197;-2.734;;;;;
2;metal;0.329;-1.210;-3.645;;;;;
3;metal;0.108;-0.011;-4.276;;;;;
3;metal;0.113;-0.036;-6.414;;;;;
3;metal;0.117;-0.065;-6.147;;;;;
3;metal;0.121;-0.087;-5.078;;;;;
3;metal;0.125;-0.107;-5.345;;;;;
3;metal;0.129;-0.131;-5.612;;;;;
3;metal;0.133;-0.154;-5.345;;;;;
3;metal;0.138;-0.176;-5.880;;;;;
3;metal;0.142;-0.203;-5.612;;;;;
3;metal;0.146;-0.223;-4.543;;;;;
3;metal;0.150;-0.241;-5.078;;;;;
3;metal;0.154;-0.265;-5.345;;;;;
3;metal;0.158;-0.285;-5.078;;;;;
3;metal;0.163;-0.307;-4.811;;;;;
3;metal;0.167;-0.325;-5.078;;;;;
3;metal;0.171;-0.350;-4.811;;;;;
3;metal;0.175;-0.365;-4.543;;;;;
3;metal;0.179;-0.388;-5.345;;;;;
3;metal;0.183;-0.410;-5.612;;;;;
3;metal;0.188;-0.434;-6.147;;;;;
3;metal;0.192;-0.461;-4.811;;;;;
3;metal;0.196;-0.474;-4.276;;;;;
3;metal;0.200;-0.497;-4.543;;;;;
3;metal;0.204;-0.512;-4.543;;;;;
3;metal;0.208;-0.535;-5.345;;;;;
3;metal;0.213;-0.557;-5.345;;;;;
3;metal;0.217;-0.579;-4.276;;;;;
3;metal;0.221;-0.592;-3.474;;;;;
3;metal;0.225;-0.608;-5.345;;;;;
3;metal;0.229;-0.637;-6.147;;;;;
3;metal;0.233;-0.659;-5.078;;;;;
3;metal;0.238;-0.679;-4.276;;;;;
3;metal;0.242;-0.695;-4.009;;;;;
3;metal;0.246;-0.713;-5.612;;;;;
3;metal;0.250;-0.742;-5.345;;;;;
3;metal;0.254;-0.757;-2.940;;;;;
3;metal;0.258;-0.766;-3.207;;;;;
3;metal;0.263;-0.784;-4.543;;;;;
3;metal;0.267;-0.804;-4.543;;;;;
3;metal;0.271;-0.822;-4.543;;;;;
3;metal;0.275;-0.842;-3.742;;;;;
3;metal;0.279;-0.853;-4.276;;;;;
3;metal;0.283;-0.877;-5.345;;;;;
3;metal;0.288;-0.898;-5.078;;;;;
3;metal;0.292;-0.920;-4.543;;;;;
3;metal;0.296;-0.935;-4.009;;;;;
3;metal;0.300;-0.953;-3.474;;;;;
3;metal;0.304;-0.964;-2.940;;;;;
3;metal;0.308;-0.978;-4.009;;;;;
3;metal;0.313;-0.998;-4.543;;;;;
3;metal;0.317;-1.016;-3.742;;;;;
3;metal;0.321;-1.029;-2.673;;;;;
3;metal;0.325;-1.038;-2.138;;;;;
3;metal;0.329;-1.047;-2.940;;;;;
3;metal;0.333;-1.062;-4.276;;;;;
3;metal;0.338;-1.082;-4.543;;;;;
3;metal;0.342;-1.100;-3.742;;;;;
3;metal;0.346;-1.114;-4.009;;;;;
3;metal;0.350;-1.134;-3.207;;;;;
3;metal;0.354;-1.140;-2.673;;;;;
3;metal;0.358;-1.156;-3.207;;;;;
3;metal;0.363;-1.167;-2.138;;;;;
3;metal;0.367;-1.174;-1.871;;;;;
3;metal;0.371;-1.183;-1.871;;;;;
3;metal;0.375;-1.189;-4.276;;;;;
3;metal;0.379;-1.218;-5.612;;;;;
4;metal;0.079;-0.020;-4.192;;;;;
4;metal;0.083;-0.039;-6.288;;;;;
4;metal;0.088;-0.072;-6.288;;;;;
4;metal;0.092;-0.092;-4.978;;;;;
4;metal;0.096;-0.114;-6.026;;;;;
4;metal;0.100;-0.142;-4.978;;;;;
4;metal;0.104;-0.155;-4.454;;;;;
4;metal;0.108;-0.179;-6.026;;;;;
4;metal;0.113;-0.205;-5.764;;;;;
4;metal;0.117;-0.227;-5.502;;;;;
4;metal;0.121;-0.251;-4.978;;;;;
4;metal;0.125;-0.269;-4.716;;;;;
4;metal;0.129;-0.290;-5.502;;;;;
4;metal;0.133;-0.314;-4.978;;;;;
4;metal;0.138;-0.332;-4.978;;;;;
4;metal;0.142;-0.356;-5.502;;;;;
4;metal;0.146;-0.378;-5.764;;;;;
4;metal;0.150;-0.404;-6.026;;;;;
4;metal;0.154;-0.428;-4.454;;;;;
4;metal;0.158;-0.441;-3.406;;;;;
4;metal;0.163;-0.456;-6.026;;;;;
4;metal;0.167;-0.491;-4.192;;;;;
4;metal;0.171;-0.491;-1.572;;;;;
4;metal;0.175;-0.504;-4.978;;;;;
4;metal;0.179;-0.533;-6.288;;;;;
4;metal;0.183;-0.557;-5.764;;;;;
4;metal;0.188;-0.581;-4.454;;;;;
4;metal;0.192;-0.594;-2.882;;;;;
4;metal;0.196;-0.605;-4.716;;;;;
4;metal;0.200;-0.633;-4.978;;;;;
4;metal;0.204;-0.646;-4.192;;;;;
4;metal;0.208;-0.668;-5.502;;;;;
4;metal;0.213;-0.692;-4.454;;;;;
4;metal;0.217;-0.705;-3.406;;;;;
4;metal;0.221;-0.721;-4.192;;;;;
4;metal;0.225;-0.740;-4.716;;;;;
4;metal;0.229;-0.760;-5.502;;;;;
4;metal;0.233;-0.786;-4.454;;;;;
4;metal;0.238;-0.797;-3.668;;;;;
4;metal;0.242;-0.817;-5.240;;;;;
4;metal;0.246;-0.841;-3.930;;;;;
4;metal;0.250;-0.849;-3.930;;;;;
4;metal;0.254;-0.873;-4.978;;;;;
4;metal;0.258;-0.891;-4.716;;;;;
4;metal;0.263;-0.913;-4.454;;;;;
4;metal;0.267;-0.928;-3.144;;;;;
4;metal;0.271;-0.939;-3.406;;;;;
4;metal;0.275;-0.956;-3.930;;;;;
4;metal;0.279;-0.972;-4.192;;;;;
4;metal;0.283;-0.991;-4.716;;;;;
4;metal;0.288;-1.011;-4.192;;;;;
4;metal;0.292;-1.026;-3.144;;;;;
4;metal;0.296;-1.037;-3.930;;;;;
4;metal;0.300;-1.059;-5.502;;;;;
4;metal;0.304;-1.083;-4.454;;;;;
4;metal;0.308;-1.096;-2.620;;;;;
4;metal;0.313;-1.105;-2.620;;;;;
4;metal;0.317;-1.118;-3.668;;;;;
4;metal;0.321;-1.135;-4.716;;;;;
4;metal;0.325;-1.157;-4.716;;;;;
4;metal;0.329;-1.175;-2.358;;;;;
4;metal;0.333;-1.177;-1.834;;;;;
4;metal;0.338;-1.190;-4.454;;;;;
4;metal;0.342;-1.214;-4.978;;;;;
4;metal;0.346;-1.231;-2.620;;;;;
4;metal;0.350;-1.236;-1.572;;;;;
4;metal;0.354;-1.245;-2.096;;;;;
5;metal;0.042;-0.009;-3.354;;;;;
5;metal;0.046;-0.028;-4.903;;;;;
5;metal;0.050;-0.049;-4.903;;;;;
5;metal;0.054;-0.069;-5.161;;;;;
5;metal;0.058;-0.092;-5.935;;;;;
5;metal;0.063;-0.118;-5.935;;;;;
5;metal;0.067;-0.142;-5.419;;;;;
5;metal;0.071;-0.163;-5.161;;;;;
5;metal;0.075;-0.185;-5.161;;;;;
5;metal;0.079;-0.206;-5.161;;;;;
5;metal;0.083;-0.228;-5.161;;;;;
5;metal;0.088;-0.249;-5.677;;;;;
5;metal;0.092;-0.275;-5.935;;;;;
5;metal;0.096;-0.299;-4.387;;;;;
5;metal;0.100;-0.312;-4.387;;;;;
5;metal;0.104;-0.335;-5.161;;;;;
5;metal;0.108;-0.355;-5.419;;;;;
5;metal;0.113;-0.381;-6.193;;;;;
5;metal;0.117;-0.406;-5.161;;;;;
5;metal;0.121;-0.424;-3.871;;;;;
5;metal;0.125;-0.439;-4.129;;;;;
5;metal;0.129;-0.458;-4.903;;;;;
5;metal;0.133;-0.480;-5.419;;;;;
5;metal;0.138;-0.503;-5.419;;;;;
5;metal;0.142;-0.525;-5.161;;;;;
5;metal;0.146;-0.546;-4.903;;;;;
5;metal;0.150;-0.566;-4.387;;;;;
5;metal;0.154;-0.583;-4.129;;;;;
5;metal;0.158;-0.600;-4.387;;;;;
5;metal;0.163;-0.619;-4.645;;;;;
5;metal;0.167;-0.639;-5.419;;;;;
5;metal;0.171;-0.664;-4.645;;;;;
5;metal;0.175;-0.677;-3.871;;;;;
5;metal;0.179;-0.697;-4.645;;;;;
5;metal;0.183;-0.716;-4.387;;;;;
5;metal;0.188;-0.733;-5.419;;;;;
5;metal;0.192;-0.761;-5.677;;;;;
5;metal;0.196;-0.781;-3.871;;;;;
5;metal;0.200;-0.793;-3.096;;;;;
5;metal;0.204;-0.806;-3.096;;;;;
5;metal;0.208;-0.819;-3.871;;;;;
5;metal;0.213;-0.839;-5.677;;;;;
5;metal;0.217;-0.867;-5.935;;;;;
5;metal;0.221;-0.888;-4.645;;;;;
5;metal;0.225;-0.905;-3.354;;;;;
5;metal;0.229;-0.916;-3.871;;;;;
5;metal;0.233;-0.938;-4.387;;;;;
5;metal;0.238;-0.953;-4.129;;;;;
5;metal;0.242;-0.972;-4.387;;;;;
5;metal;0.246;-0.989;-4.645;;;;;
5;metal;0.250;-1.011;-4.645;;;;;
5;metal;0.254;-1.028;-3.871;;;;;
5;metal;0.258;-1.043;-3.354;;;;;
5;metal;0.263;-1.056;-3.354;;;;;
5;metal;0.267;-1.071;-3.354;;;;;
5;metal;0.271;-1.084;-4.387;;;;;
5;metal;0.275;-1.107;-3.871;;;;;
5;metal;0.279;-1.116;-2.838;;;;;
5;metal;0.283;-1.131;-2.838;;;;;
5;metal;0.288;-1.140;-3.612;;;;;
5;metal;0.292;-1.161;-2.322;;;;;
5;metal;0.296;-1.159;-1.290;;;;;
5;metal;0.300;-1.172;-3.871;;;;;
5;metal;0.304;-1.191;-4.129;;;;;
5;metal;0.308;-1.206;-2.838;;;;;
5;metal;0.313;-1.215;-2.838;;;;;
6;metal;0.567;-0.006;-3.057;;;;;
6;metal;0.571;-0.019;-4.840;;;;;
6;metal;0.575;-0.047;-5.349;;;;;
6;metal;0.579;-0.064;-5.349;;;;;
6;metal;0.583;-0.091;-6.114;;;;;
6;metal;0.588;-0.115;-5.095;;;;;
6;metal;0.592;-0.134;-4.840;;;;;
6;metal;0.596;-0.155;-5.859;;;;;
6;metal;0.600;-0.183;-5.859;;;;;
6;metal;0.604;-0.204;-5.349;;;;;
6;metal;0.608;-0.227;-4.840;;;;;
6;metal;0.613;-0.244;-5.095;;;;;
6;metal;0.617;-0.270;-4.585;;;;;
6;metal;0.621;-0.282;-5.095;;;;;
6;metal;0.625;-0.312;-5.859;;;;;
6;metal;0.629;-0.331;-5.095;;;;;
6;metal;0.633;-0.355;-5.604;;;;;
6;metal;0.638;-0.378;-5.604;;;;;
6;metal;0.642;-0.401;-4.330;;;;;
6;metal;0.646;-0.414;-4.840;;;;;
6;metal;0.650;-0.442;-5.859;;;;;
6;metal;0.654;-0.463;-4.076;;;;;
6;metal;0.658;-0.475;-4.840;;;;;
6;metal;0.663;-0.503;-5.604;;;;;
6;metal;0.667;-0.522;-4.585;;;;;
6;metal;0.671;-0.541;-5.095;;;;;
6;metal;0.675;-0.565;-5.604;;;;;
6;metal;0.679;-0.588;-5.095;;;;;
6;metal;0.683;-0.607;-3.821;;;;;
6;metal;0.688;-0.620;-5.349;;;;;
6;metal;0.692;-0.652;-6.114;;;;;
6;metal;0.696;-0.671;-4.840;;;;;
6;metal;0.700;-0.692;-4.330;;;;;
6;metal;0.704;-0.707;-3.566;;;;;
6;metal;0.708;-0.722;-4.585;;;;;
6;metal;0.713;-0.745;-4.585;;;;;
6;metal;0.717;-0.760;-4.585;;;;;
6;metal;0.721;-0.783;-4.076;;;;;
6;metal;0.725;-0.794;-4.076;;;;;
6;metal;0.729;-0.817;-5.604;;;;;
6;metal;0.733;-0.841;-3.821;;;;;
6;metal;0.738;-0.849;-4.076;;;;;
6;metal;0.742;-0.875;-4.585;;;;;
6;metal;0.746;-0.887;-4.330;;;;;
6;metal;0.750;-0.911;-3.566;;;;;
6;metal;0.754;-0.917;-4.330;;;;;
6;metal;0.758;-0.947;-5.095;;;;;
6;metal;0.763;-0.959;-3.057;;;;;
6;metal;0.767;-0.972;-3.311;;;;;
6;metal;0.771;-0.987;-5.095;;;;;
6;metal;0.775;-1.015;-4.840;;;;;
6;metal;0.779;-1.027;-3.566;;;;;
6;metal;0.783;-1.044;-3.311;;;;;
6;metal;0.788;-1.055;-4.076;;;;;
6;metal;0.792;-1.078;-4.330;;;;;
6;metal;0.796;-1.091;-3.821;;;;;
6;metal;0.800;-1.110;-4.076;;;;;
6;metal;0.804;-1.125;-3.566;;;;;
6;metal;0.808;-1.140;-3.311;;;;;
6;metal;0.813;-1.153;-3.821;;;;;
6;metal;0.817;-1.172;-4.076;;;;;
6;metal;0.821;-1.187;-3.057;;;;;
6;metal;0.825;-1.197;-1.274;;;;;
6;metal;0.829;-1.197;-3.821;;;;;
6;metal;0.833;-1.229;-5.604;;;;;
6;metal;0.838;-1.244;-1.783;;;;;
6;metal;0.842;-1.244;0;;;;;
1;plastic;0.104;-0.006;-2.507;;;;;
1;plastic;0.108;-0.019;-2.507;;;;;
1;plastic;0.113;-0.027;-3.646;;;;;
1;plastic;0.117;-0.050;-5.013;;;;;
1;plastic;0.121;-0.069;-3.874;;;;;
1;plastic;0.125;-0.082;-4.102;;;;;
1;plastic;0.129;-0.103;-4.557;;;;;
1;plastic;0.133;-0.120;-5.241;;;;;
1;plastic;0.138;-0.147;-5.013;;;;;
1;plastic;0.142;-0.162;-3.874;;;;;
1;plastic;0.146;-0.179;-4.329;;;;;
1;plastic;0.150;-0.198;-4.785;;;;;
1;plastic;0.154;-0.219;-4.329;;;;;
1;plastic;0.158;-0.234;-4.102;;;;;
1;plastic;0.163;-0.253;-4.102;;;;;
1;plastic;0.167;-0.268;-3.874;;;;;
1;plastic;0.171;-0.285;-3.646;;;;;
1;plastic;0.175;-0.299;-3.874;;;;;
1;plastic;0.179;-0.318;-4.102;;;;;
1;plastic;0.183;-0.333;-4.102;;;;;
1;plastic;0.188;-0.352;-3.874;;;;;
1;plastic;0.192;-0.365;-3.418;;;;;
1;plastic;0.196;-0.380;-3.874;;;;;
1;plastic;0.200;-0.397;-4.329;;;;;
1;plastic;0.204;-0.416;-4.329;;;;;
1;plastic;0.208;-0.433;-3.874;;;;;
1;plastic;0.213;-0.449;-3.646;;;;;
1;plastic;0.217;-0.464;-4.102;;;;;
1;plastic;0.221;-0.483;-4.329;;;;;
1;plastic;0.225;-0.500;-3.874;;;;;
1;plastic;0.229;-0.515;-3.418;;;;;
1;plastic;0.233;-0.528;-3.418;;;;;
1;plastic;0.238;-0.544;-3.418;;;;;
1;plastic;0.242;-0.557;-2.962;;;;;
1;plastic;0.246;-0.568;-3.190;;;;;
1;plastic;0.250;-0.583;-4.785;;;;;
1;plastic;0.254;-0.608;-4.329;;;;;
1;plastic;0.258;-0.619;-3.874;;;;;
1;plastic;0.263;-0.640;-4.102;;;;;
1;plastic;0.267;-0.654;-2.734;;;;;
1;plastic;0.271;-0.663;-3.190;;;;;
1;plastic;0.275;-0.680;-3.874;;;;;
1;plastic;0.279;-0.695;-3.418;;;;;
1;plastic;0.283;-0.709;-3.190;;;;;
1;plastic;0.288;-0.722;-2.962;;;;;
1;plastic;0.292;-0.733;-2.734;;;;;
1;plastic;0.296;-0.745;-2.507;;;;;
1;plastic;0.300;-0.754;-2.507;;;;;
1;plastic;0.304;-0.766;-2.507;;;;;
1;plastic;0.308;-0.775;-3.190;;;;;
1;plastic;0.313;-0.792;-3.418;;;;;
1;plastic;0.317;-0.804;-3.190;;;;;
2;plastic;0.088;-0.009;-2.171;;;;;
2;plastic;0.092;-0.023;-5.427;;;;;
2;plastic;0.096;-0.054;-5.789;;;;;
2;plastic;0.100;-0.071;-4.161;;;;;
2;plastic;0.104;-0.089;-5.065;;;;;
2;plastic;0.108;-0.113;-3.799;;;;;
2;plastic;0.113;-0.121;-3.618;;;;;
2;plastic;0.117;-0.143;-4.703;;;;;
2;plastic;0.121;-0.160;-3.980;;;;;
2;plastic;0.125;-0.176;-4.342;;;;;
2;plastic;0.129;-0.196;-3.980;;;;;
2;plastic;0.133;-0.210;-4.161;;;;;
2;plastic;0.138;-0.231;-4.703;;;;;
2;plastic;0.142;-0.249;-4.342;;;;;
2;plastic;0.146;-0.267;-4.161;;;;;
2;plastic;0.150;-0.283;-4.884;;;;;
2;plastic;0.154;-0.308;-4.522;;;;;
2;plastic;0.158;-0.321;-3.256;;;;;
2;plastic;0.163;-0.335;-3.799;;;;;
2;plastic;0.167;-0.353;-3.980;;;;;
2;plastic;0.171;-0.368;-3.799;;;;;
2;plastic;0.175;-0.384;-4.342;;;;;
2;plastic;0.179;-0.404;-3.618;;;;;
2;plastic;0.183;-0.415;-3.437;;;;;
2;plastic;0.188;-0.433;-4.884;;;;;
2;plastic;0.192;-0.455;-3.437;;;;;
2;plastic;0.196;-0.461;-3.618;;;;;
2;plastic;0.200;-0.485;-4.703;;;;;
2;plastic;0.204;-0.500;-3.618;;;;;
2;plastic;0.208;-0.516;-3.256;;;;;
2;plastic;0.213;-0.528;-4.703;;;;;
2;plastic;0.217;-0.555;-4.342;;;;;
2;plastic;0.221;-0.564;-3.075;;;;;
2;plastic;0.225;-0.580;-4.522;;;;;
2;plastic;0.229;-0.601;-3.799;;;;;
2;plastic;0.233;-0.612;-4.342;;;;;
2;plastic;0.238;-0.638;-5.246;;;;;
2;plastic;0.242;-0.656;-4.522;;;;;
2;plastic;0.246;-0.675;-1.990;;;;;
2;plastic;0.250;-0.672;-2.713;;;;;
2;plastic;0.254;-0.698;-4.884;;;;;
2;plastic;0.258;-0.713;-3.618;;;;;
2;plastic;0.263;-0.728;-3.256;;;;;
2;plastic;0.267;-0.740;-3.437;;;;;
2;plastic;0.271;-0.757;-3.618;;;;;
2;plastic;0.275;-0.770;-3.075;;;;;
2;plastic;0.279;-0.782;-2.894;;;;;
2;plastic;0.283;-0.794;-2.894;;;;;
2;plastic;0.288;-0.807;-3.980;;;;;
2;plastic;0.292;-0.828;-3.437;;;;;
2;plastic;0.296;-0.835;-2.533;;;;;
2;plastic;0.300;-0.849;-2.894;;;;;
2;plastic;0.304;-0.859;-2.713;;;;;
2;plastic;0.308;-0.871;-3.980;;;;;
3;plastic;0.088;-0.011;-1.894;;;;;
3;plastic;0.092;-0.016;-1.705;;;;;
3;plastic;0.096;-0.025;-2.462;;;;;
3;plastic;0.100;-0.036;-2.841;;;;;
3;plastic;0.104;-0.049;-3.788;;;;;
3;plastic;0.108;-0.068;-4.546;;;;;
3;plastic;0.113;-0.087;-4.924;;;;;
3;plastic;0.117;-0.109;-4.924;;;;;
3;plastic;0.121;-0.128;-4.546;;;;;
3;plastic;0.125;-0.147;-4.735;;;;;
3;plastic;0.129;-0.167;-4.735;;;;;
3;plastic;0.133;-0.186;-3.977;;;;;
3;plastic;0.138;-0.200;-4.356;;;;;
3;plastic;0.142;-0.223;-4.167;;;;;
3;plastic;0.146;-0.235;-4.167;;;;;
3;plastic;0.150;-0.257;-4.546;;;;;
3;plastic;0.154;-0.273;-4.167;;;;;
3;plastic;0.158;-0.292;-3.977;;;;;
3;plastic;0.163;-0.306;-3.599;;;;;
3;plastic;0.167;-0.322;-3.788;;;;;
3;plastic;0.171;-0.338;-3.599;;;;;
3;plastic;0.175;-0.352;-3.220;;;;;
3;plastic;0.179;-0.365;-4.546;;;;;
3;plastic;0.183;-0.390;-6.061;;;;;
3;plastic;0.188;-0.415;-4.356;;;;;
3;plastic;0.192;-0.426;-2.841;;;;;
3;plastic;0.196;-0.439;-3.599;;;;;
3;plastic;0.200;-0.456;-3.977;;;;;
3;plastic;0.204;-0.472;-3.220;;;;;
3;plastic;0.208;-0.483;-3.409;;;;;
3;plastic;0.213;-0.500;-4.356;;;;;
3;plastic;0.217;-0.519;-3.977;;;;;
3;plastic;0.221;-0.533;-3.409;;;;;
3;plastic;0.225;-0.548;-3.220;;;;;
3;plastic;0.229;-0.560;-4.167;;;;;
3;plastic;0.233;-0.582;-3.977;;;;;
3;plastic;0.238;-0.593;-3.220;;;;;
3;plastic;0.242;-0.609;-3.409;;;;;
3;plastic;0.246;-0.622;-3.599;;;;;
3;plastic;0.250;-0.639;-3.409;;;;;
3;plastic;0.254;-0.650;-3.977;;;;;
3;plastic;0.258;-0.672;-4.167;;;;;
3;plastic;0.263;-0.685;-3.030;;;;;
3;plastic;0.267;-0.698;-3.220;;;;;
3;plastic;0.271;-0.712;-3.220;;;;;
3;plastic;0.275;-0.724;-3.030;;;;;
3;plastic;0.279;-0.737;-2.273;;;;;
3;plastic;0.283;-0.743;-2.273;;;;;
3;plastic;0.288;-0.756;-3.788;;;;;
3;plastic;0.292;-0.775;-4.356;;;;;
3;plastic;0.296;-0.792;-3.409;;;;;
3;plastic;0.300;-0.803;-3.030;;;;;
3;plastic;0.304;-0.818;-3.220;;;;;
3;plastic;0.308;-0.830;-2.273;;;;;
3;plastic;0.313;-0.837;0;;;;;
4;plastic;0.117;-0.006;-2.511;;;;;
4;plastic;0.121;-0.018;-2.898;;;;;
4;plastic;0.125;-0.031;-3.864;;;;;
4;plastic;0.129;-0.050;-5.023;;;;;
4;plastic;0.133;-0.072;-4.636;;;;;
4;plastic;0.138;-0.089;-3.477;;;;;
4;plastic;0.142;-0.101;-3.284;;;;;
4;plastic;0.146;-0.116;-3.670;;;;;
4;plastic;0.150;-0.132;-4.636;;;;;
4;plastic;0.154;-0.155;-4.250;;;;;
4;plastic;0.158;-0.167;-3.477;;;;;
4;plastic;0.163;-0.184;-4.636;;;;;
4;plastic;0.167;-0.206;-4.443;;;;;
4;plastic;0.171;-0.221;-4.250;;;;;
4;plastic;0.175;-0.241;-4.057;;;;;
4;plastic;0.179;-0.254;-4.057;;;;;
4;plastic;0.183;-0.275;-4.250;;;;;
4;plastic;0.188;-0.290;-4.250;;;;;
4;plastic;0.192;-0.311;-4.443;;;;;
4;plastic;0.196;-0.327;-3.864;;;;;
4;plastic;0.200;-0.343;-3.670;;;;;
4;plastic;0.204;-0.357;-3.864;;;;;
4;plastic;0.208;-0.375;-4.057;;;;;
4;plastic;0.213;-0.391;-4.250;;;;;
4;plastic;0.217;-0.411;-4.443;;;;;
4;plastic;0.221;-0.428;-3.670;;;;;
4;plastic;0.225;-0.441;-3.477;;;;;
4;plastic;0.229;-0.457;-4.443;;;;;
4;plastic;0.233;-0.478;-4.250;;;;;
4;plastic;0.238;-0.493;-3.670;;;;;
4;plastic;0.242;-0.509;-4.057;;;;;
4;plastic;0.246;-0.526;-4.443;;;;;
4;plastic;0.250;-0.546;-3.864;;;;;
4;plastic;0.254;-0.559;-4.057;;;;;
4;plastic;0.258;-0.580;-4.829;;;;;
4;plastic;0.263;-0.599;-3.670;;;;;
4;plastic;0.267;-0.610;-3.477;;;;;
4;plastic;0.271;-0.628;-3.670;;;;;
4;plastic;0.275;-0.641;-2.511;;;;;
4;plastic;0.279;-0.649;-2.898;;;;;
4;plastic;0.283;-0.665;-2.704;;;;;
4;plastic;0.288;-0.671;-3.091;;;;;
4;plastic;0.292;-0.691;-3.284;;;;;
4;plastic;0.296;-0.699;-2.898;;;;;
4;plastic;0.300;-0.715;-4.636;;;;;
4;plastic;0.304;-0.737;-3.864;;;;;
4;plastic;0.308;-0.747;-2.318;;;;;
4;plastic;0.313;-0.757;-2.704;;;;;
4;plastic;0.317;-0.769;-2.704;;;;;
4;plastic;0.321;-0.779;-2.898;;;;;
4;plastic;0.325;-0.794;-2.898;;;;;
4;plastic;0.329;-0.803;-2.898;;;;;
4;plastic;0.333;-0.818;-3.091;;;;;
4;plastic;0.338;-0.829;-2.511;;;;;
4;plastic;0.342;-0.839;0;;;;;
5;plastic;0.042;-0.007;-1.419;;;;;
5;plastic;0.046;-0.013;-2.305;;;;;
5;plastic;0.050;-0.027;-2.837;;;;;
5;plastic;0.054;-0.037;-3.192;;;;;
5;plastic;0.058;-0.053;-4.079;;;;;
5;plastic;0.063;-0.071;-4.611;;;;;
5;plastic;0.067;-0.092;-4.788;;;;;
5;plastic;0.071;-0.111;-4.788;;;;;
5;plastic;0.075;-0.132;-3.547;;;;;
5;plastic;0.079;-0.140;-2.305;;;;;
5;plastic;0.083;-0.151;-3.724;;;;;
5;plastic;0.088;-0.171;-4.788;;;;;
5;plastic;0.092;-0.191;-3.724;;;;;
5;plastic;0.096;-0.202;-4.079;;;;;
5;plastic;0.100;-0.225;-4.433;;;;;
5;plastic;0.104;-0.239;-4.433;;;;;
5;plastic;0.108;-0.262;-4.433;;;;;
5;plastic;0.113;-0.276;-3.901;;;;;
5;plastic;0.117;-0.294;-4.256;;;;;
5;plastic;0.121;-0.312;-4.788;;;;;
5;plastic;0.125;-0.334;-4.788;;;;;
5;plastic;0.129;-0.352;-3.547;;;;;
5;plastic;0.133;-0.364;-3.901;;;;;
5;plastic;0.138;-0.384;-4.079;;;;;
5;plastic;0.142;-0.398;-2.305;;;;;
5;plastic;0.146;-0.403;-3.547;;;;;
5;plastic;0.150;-0.427;-5.143;;;;;
5;plastic;0.154;-0.446;-4.079;;;;;
5;plastic;0.158;-0.461;-3.547;;;;;
5;plastic;0.163;-0.476;-3.547;;;;;
5;plastic;0.167;-0.491;-3.901;;;;;
5;plastic;0.171;-0.508;-3.724;;;;;
5;plastic;0.175;-0.522;-3.901;;;;;
5;plastic;0.179;-0.541;-4.965;;;;;
5;plastic;0.183;-0.563;-3.901;;;;;
5;plastic;0.188;-0.573;-3.369;;;;;
5;plastic;0.192;-0.591;-3.192;;;;;
5;plastic;0.196;-0.600;-3.369;;;;;
5;plastic;0.200;-0.619;-3.547;;;;;
5;plastic;0.204;-0.630;-2.660;;;;;
5;plastic;0.208;-0.641;-4.079;;;;;
5;plastic;0.213;-0.664;-4.433;;;;;
5;plastic;0.217;-0.678;-3.192;;;;;
5;plastic;0.221;-0.690;-3.547;;;;;
5;plastic;0.225;-0.708;-4.079;;;;;
5;plastic;0.229;-0.724;-3.369;;;;;
5;plastic;0.233;-0.736;-3.547;;;;;
5;plastic;0.238;-0.754;-4.256;;;;;
5;plastic;0.242;-0.771;-3.724;;;;;
5;plastic;0.246;-0.785;-3.369;;;;;
5;plastic;0.250;-0.799;-3.192;;;;;
5;plastic;0.254;-0.811;-3.192;;;;;
5;plastic;0.258;-0.826;-3.369;;;;;
5;plastic;0.263;-0.839;-2.483;;;;;
5;plastic;0.267;-0.847;-1.419;;;;;
5;plastic;0.271;-0.851;0;;;;;
6;plastic;0.063;-0.019;-2.520;;;;;
6;plastic;0.067;-0.028;-2.340;;;;;
6;plastic;0.071;-0.039;-3.060;;;;;
6;plastic;0.075;-0.054;-3.960;;;;;
6;plastic;0.079;-0.072;-4.140;;;;;
6;plastic;0.083;-0.088;-4.140;;;;;
6;plastic;0.088;-0.106;-5.040;;;;;
6;plastic;0.092;-0.130;-4.680;;;;;
6;plastic;0.096;-0.145;-3.960;;;;;
6;plastic;0.100;-0.163;-4.860;;;;;
6;plastic;0.104;-0.186;-4.320;;;;;
6;plastic;0.108;-0.199;-3.420;;;;;
6;plastic;0.113;-0.214;-4.500;;;;;
6;plastic;0.117;-0.237;-4.320;;;;;
6;plastic;0.121;-0.250;-3.600;;;;;
6;plastic;0.125;-0.267;-4.320;;;;;
6;plastic;0.129;-0.286;-4.140;;;;;
6;plastic;0.133;-0.301;-4.860;;;;;
6;plastic;0.138;-0.327;-5.759;;;;;
6;plastic;0.142;-0.349;-4.500;;;;;
6;plastic;0.146;-0.364;-3.420;;;;;
6;plastic;0.150;-0.378;-3.960;;;;;
6;plastic;0.154;-0.397;-3.420;;;;;
6;plastic;0.158;-0.406;-2.880;;;;;
6;plastic;0.163;-0.421;-3.960;;;;;
6;plastic;0.167;-0.439;-4.140;;;;;
6;plastic;0.171;-0.456;-4.320;;;;;
6;plastic;0.175;-0.475;-3.960;;;;;
6;plastic;0.179;-0.489;-3.600;;;;;
6;plastic;0.183;-0.505;-3.780;;;;;
6;plastic;0.188;-0.520;-3.420;;;;;
6;plastic;0.192;-0.534;-3.960;;;;;
6;plastic;0.196;-0.553;-4.140;;;;;
6;plastic;0.200;-0.568;-4.140;;;;;
6;plastic;0.204;-0.588;-3.960;;;;;
6;plastic;0.208;-0.601;-3.600;;;;;
6;plastic;0.213;-0.618;-3.600;;;;;
6;plastic;0.217;-0.631;-4.320;;;;;
6;plastic;0.221;-0.654;-4.140;;;;;
6;plastic;0.225;-0.666;-2.520;;;;;
6;plastic;0.229;-0.675;-3.060;;;;;
6;plastic;0.233;-0.691;-4.320;;;;;
6;plastic;0.238;-0.711;-4.140;;;;;
6;plastic;0.242;-0.726;-3.240;;;;;
6;plastic;0.246;-0.738;-2.880;;;;;
6;plastic;0.250;-0.750;-2.880;;;;;
6;plastic;0.254;-0.762;-3.240;;;;;
6;plastic;0.258;-0.777;-3.420;;;;;
6;plastic;0.263;-0.790;-3.060;;;;;
6;plastic;0.267;-0.802;-3.600;;;;;
6;plastic;0.271;-0.820;-3.600;;;;;
6;plastic;0.275;-0.832;-2.160;;;;;
6;plastic;0.279;-0.838;-1.260;;;;;
6;plastic;0.283;-0.843;0;;;;;
1;metal_big;1.82;0.17;2.4;;;;;
1;metal_big;1.82;0.16;0.82;;;;;
1;metal_big;1.83;0.18;5.72;;;;;
1;metal_big;1.83;0.21;7.55;;;;;
1;metal_big;1.83;0.24;8.22;;;;;
1;metal_big;1.84;0.28;7.19;;;;;
1;metal_big;1.84;0.3;7.57;;;;;
1;metal_big;1.85;0.34;7.57;;;;;
1;metal_big;1.85;0.36;8.5;;;;;
1;metal_big;1.85;0.34;14.52;;;;;
1;metal_big;1.86;0.48;15.86;;;;;
1;metal_big;1.86;0.47;2.6;;;;;
1;metal_big;1.87;0.5;10.16;;;;;
1;metal_big;1.87;0.55;8.15;;;;;
1;metal_big;1.88;0.57;5.84;;;;;
1;metal_big;1.88;0.6;8.79;;;;;
1;metal_big;1.88;0.64;10.46;;;;;
1;metal_big;1.89;0.68;8.85;;;;;
1;metal_big;1.89;0.71;8.79;;;;;
1;metal_big;1.9;0.76;8.79;;;;;
1;metal_big;1.9;0.78;8.22;;;;;
1;metal_big;1.9;0.82;9.29;;;;;
1;metal_big;1.91;0.86;8.71;;;;;
1;metal_big;1.91;0.9;8.13;;;;;
1;metal_big;1.92;0.93;9.37;;;;;
1;metal_big;1.92;0.97;8.15;;;;;
1;metal_big;1.93;1;7.55;;;;;
1;metal_big;1.93;1.04;7.57;;;;;
1;metal_big;1.93;1.06;7.64;;;;;
1;metal_big;1.94;1.1;9.18;;;;;
1;metal_big;1.94;1.13;9.34;;;;;
1;metal_big;1.95;1.17;10.52;;;;;
1;metal_big;1.95;1.22;9.32;;;;;
1;metal_big;1.95;1.25;9.33;;;;;
1;metal_big;1.96;1.3;10.05;;;;;
1;metal_big;1.96;1.33;11.58;;;;;
1;metal_big;1.97;1.39;11.4;;;;;
1;metal_big;1.97;1.43;7.78;;;;;
1;metal_big;1.98;1.46;8.82;;;;;
1;metal_big;1.98;1.5;9.32;;;;;
1;metal_big;1.98;1.53;9.38;;;;;
1;metal_big;1.99;1.58;9.84;;;;;
1;metal_big;1.99;1.62;8.94;;;;;
1;metal_big;2;1.65;8.3;;;;;
1;metal_big;2;1.69;10.56;;;;;
1;metal_big;2;1.74;11.95;;;;;
1;metal_big;2.01;1.79;9.33;;;;;
1;metal_big;2.01;1.82;7.84;;;;;
1;metal_big;2.02;1.85;11.39;;;;;
1;metal_big;2.02;1.91;11.5;;;;;
1;metal_big;2.03;1.94;6.73;;;;;
1;metal_big;2.03;1.97;6.81;;;;;
1;metal_big;2.03;2;9.04;;;;;
1;metal_big;2.04;2.04;9.84;;;;;
1;metal_big;2.04;2.08;9.32;;;;;
1;metal_big;2.05;2.12;10.36;;;;;
1;metal_big;2.05;2.17;10.89;;;;;
1;metal_big;2.05;2.21;7.77;;;;;
1;metal_big;2.06;2.23;8.94;;;;;
1;metal_big;2.06;2.28;10.41;;;;;
1;metal_big;2.07;2.32;10.41;;;;;
1;metal_big;2.07;2.37;9.84;;;;;
1;metal_big;2.08;2.4;9.32;;;;;
1;metal_big;2.08;2.45;10.41;;;;;
1;metal_big;2.08;2.49;11.39;;;;;
1;metal_big;2.09;2.54;10.05;;;;;
1;metal_big;2.09;2.57;7.54;;;;;
1;metal_big;2.1;2.6;8.86;;;;;
1;metal_big;2.1;2.64;10.37;;;;;
1;metal_big;2.1;2.69;10.89;;;;;
1;metal_big;2.11;2.73;10.36;;;;;
1;metal_big;2.11;2.77;10.37;;;;;
1;metal_big;2.12;2.82;11.95;;;;;
1;metal_big;2.12;2.87;10.36;;;;;
1;metal_big;2.13;2.91;9.84;;;;;
1;metal_big;2.13;2.95;10.89;;;;;
1;metal_big;2.13;3;9.18;;;;;
1;metal_big;2.14;3.03;8.86;;;;;
1;metal_big;2.14;3.07;9.84;;;;;
1;metal_big;2.15;3.11;8.3;;;;;
1;metal_big;2.15;3.14;8.82;;;;;
1;metal_big;2.15;3.18;11.4;;;;;
1;metal_big;2.16;3.24;9.84;;;;;
1;metal_big;2.16;3.27;10.92;;;;;
1;metal_big;2.17;3.33;13.31;;;;;
1;metal_big;2.17;3.37;12.44;;;;;
1;metal_big;2.18;3.43;13.1;;;;;
1;metal_big;2.18;3.48;9.84;;;;;
1;metal_big;2.18;3.51;10.56;;;;;
1;metal_big;2.19;3.56;11.44;;;;;
1;metal_big;2.19;3.61;10.41;;;;;
1;metal_big;2.2;3.65;10.47;;;;;
1;metal_big;2.2;3.69;10.36;;;;;
1;metal_big;2.2;3.74;9.96;;;;;
1;metal_big;2.21;3.77;9.45;;;;;
1;metal_big;2.21;3.81;9.96;;;;;
1;metal_big;2.22;3.86;8.8;;;;;
1;metal_big;2.22;3.89;11.39;;;;;
1;metal_big;2.23;3.95;13.04;;;;;
1;metal_big;2.23;3.99;9.55;;;;;
1;metal_big;2.23;4.03;8.82;;;;;
1;metal_big;2.24;4.07;10.36;;;;;
1;metal_big;2.24;4.12;9.82;;;;;
1;metal_big;2.25;4.15;8.82;;;;;
1;metal_big;2.25;4.19;12.45;;;;;
1;metal_big;2.25;4.24;11.18;;;;;
1;metal_big;2.26;4.28;10.2;;;;;
1;metal_big;2.26;4.32;8.94;;;;;
1;metal_big;2.27;4.35;9.04;;;;;
1;metal_big;2.27;4.4;10.89;;;;;
1;metal_big;2.28;4.44;11.39;;;;;
1;metal_big;2.28;4.49;11.07;;;;;
1;metal_big;2.28;4.53;11.07;;;;;
1;metal_big;2.29;4.58;10.87;;;;;
1;metal_big;2.29;4.62;9.38;;;;;
1;metal_big;2.3;4.66;9.45;;;;;
1;metal_big;2.3;4.7;8.94;;;;;
1;metal_big;2.3;4.73;9.45;;;;;
1;metal_big;2.31;4.78;10.37;;;;;
1;metal_big;2.31;4.82;11.39;;;;;
1;metal_big;2.32;4.87;10.92;;;;;
1;metal_big;2.32;4.91;11.18;;;;;
1;metal_big;2.33;4.97;12.96;;;;;
1;metal_big;2.33;5.02;10.47;;;;;
1;metal_big;2.33;5.05;8.43;;;;;
1;metal_big;2.34;5.09;9.84;;;;;
1;metal_big;2.34;5.13;10.37;;;;;
1;metal_big;2.35;5.17;10.92;;;;;
1;metal_big;2.35;5.22;12.96;;;;;
1;metal_big;2.35;5.28;13.98;;;;;
1;metal_big;2.36;5.34;11.44;;;;;
1;metal_big;2.36;5.38;12.53;;;;;
1;metal_big;2.37;5.42;9.73;;;;;
1;metal_big;2.37;5.45;10.2;;;;;
1;metal_big;2.38;5.5;16.06;;;;;
1;metal_big;2.38;5.58;14.51;;;;;
1;metal_big;2.38;5.62;8.86;;;;;
1;metal_big;2.39;5.66;7.41;;;;;
1;metal_big;2.39;5.68;6.23;;;;;
1;metal_big;2.4;5.71;6.73;;;;;
1;metal_big;2.4;5.74;7.47;;;;;
1;metal_big;2.4;5.76;6.75;;;;;
1;metal_big;2.41;5.79;0;;;;;
2;metal_big;1.82;0.17;2.4;;;;;
2;metal_big;1.82;0.16;0.82;;;;;
2;metal_big;1.83;0.18;5.72;;;;;
2;metal_big;1.83;0.21;7.55;;;;;
2;metal_big;1.83;0.24;8.22;;;;;
2;metal_big;1.84;0.28;7.19;;;;;
2;metal_big;1.84;0.3;7.57;;;;;
2;metal_big;1.85;0.34;7.57;;;;;
2;metal_big;1.85;0.36;9.20;;;;;
2;metal_big;1.85;0.34;14.52;;;;;
2;metal_big;1.86;0.48;15.86;;;;;
2;metal_big;1.86;0.47;14;;;;;
2;metal_big;1.87;0.5;10.16;;;;;
2;metal_big;1.87;0.55;8.15;;;;;
2;metal_big;1.88;0.57;5.84;;;;;
2;metal_big;1.88;0.6;8.79;;;;;
2;metal_big;1.88;0.64;10.46;;;;;
2;metal_big;1.89;0.68;8.85;;;;;
2;metal_big;1.89;0.71;8.79;;;;;
2;metal_big;1.9;0.76;8.79;;;;;
2;metal_big;1.9;0.78;8.22;;;;;
2;metal_big;1.9;0.82;9.29;;;;;
2;metal_big;1.91;0.86;8.71;;;;;
2;metal_big;1.91;0.9;8.13;;;;;
2;metal_big;1.92;0.93;9.37;;;;;
2;metal_big;1.92;0.97;8.15;;;;;
2;metal_big;1.93;1;7.55;;;;;
2;metal_big;1.93;1.04;7.57;;;;;
2;metal_big;1.93;1.06;7.64;;;;;
2;metal_big;1.94;1.1;9.18;;;;;
2;metal_big;1.94;1.13;9.34;;;;;
2;metal_big;1.95;1.17;10.52;;;;;
2;metal_big;1.95;1.22;9.32;;;;;
2;metal_big;1.95;1.25;9.33;;;;;
2;metal_big;1.96;1.3;10.05;;;;;
2;metal_big;1.96;1.33;11.58;;;;;
2;metal_big;1.97;1.39;11.4;;;;;
2;metal_big;1.97;1.43;7.78;;;;;
2;metal_big;1.98;1.46;8.82;;;;;
2;metal_big;1.98;1.5;9.32;;;;;
2;metal_big;1.98;1.53;9.38;;;;;
2;metal_big;1.99;1.58;9.84;;;;;
2;metal_big;1.99;1.62;8.94;;;;;
2;metal_big;2;1.65;8.3;;;;;
2;metal_big;2;1.69;10.56;;;;;
2;metal_big;2;1.74;11.95;;;;;
2;metal_big;2.01;1.79;9.33;;;;;
2;metal_big;2.01;1.82;7.84;;;;;
2;metal_big;2.02;1.85;11.39;;;;;
2;metal_big;2.02;1.91;11.5;;;;;
2;metal_big;2.03;1.94;6.73;;;;;
2;metal_big;2.03;1.97;6.81;;;;;
2;metal_big;2.03;2;9.04;;;;;
2;metal_big;2.04;2.04;9.84;;;;;
2;metal_big;2.04;2.08;9.32;;;;;
2;metal_big;2.05;2.12;10.36;;;;;
2;metal_big;2.05;2.17;10.89;;;;;
2;metal_big;2.05;2.21;7.77;;;;;
2;metal_big;2.06;2.23;8.94;;;;;
2;metal_big;2.06;2.28;10.41;;;;;
2;metal_big;2.07;2.32;10.41;;;;;
2;metal_big;2.07;2.37;9.84;;;;;
2;metal_big;2.08;2.4;9.32;;;;;
2;metal_big;2.08;2.45;10.41;;;;;
2;metal_big;2.08;2.49;11.39;;;;;
2;metal_big;2.09;2.54;10.05;;;;;
2;metal_big;2.09;2.57;7.54;;;;;
2;metal_big;2.1;2.6;8.86;;;;;
2;metal_big;2.1;2.64;10.37;;;;;
2;metal_big;2.1;2.69;10.89;;;;;
2;metal_big;2.11;2.73;10.36;;;;;
2;metal_big;2.11;2.77;10.37;;;;;
2;metal_big;2.12;2.82;11.95;;;;;
2;metal_big;2.12;2.87;10.36;;;;;
2;metal_big;2.13;2.91;9.84;;;;;
2;metal_big;2.13;2.95;10.89;;;;;
2;metal_big;2.13;3;9.18;;;;;
2;metal_big;2.14;3.03;8.86;;;;;
2;metal_big;2.14;3.07;9.84;;;;;
2;metal_big;2.15;3.11;8.3;;;;;
2;metal_big;2.15;3.14;8.82;;;;;
2;metal_big;2.15;3.18;11.4;;;;;
2;metal_big;2.16;3.24;9.84;;;;;
2;metal_big;2.16;3.27;10.92;;;;;
2;metal_big;2.17;3.33;13.31;;;;;
2;metal_big;2.17;3.37;12.44;;;;;
2;metal_big;2.18;3.43;13.1;;;;;
2;metal_big;2.18;3.48;9.84;;;;;
2;metal_big;2.18;3.51;10.56;;;;;
2;metal_big;2.19;3.56;11.44;;;;;
2;metal_big;2.19;3.61;10.41;;;;;
2;metal_big;2.2;3.65;10.47;;;;;
2;metal_big;2.2;3.69;10.36;;;;;
2;metal_big;2.2;3.74;9.96;;;;;
2;metal_big;2.21;3.77;9.45;;;;;
2;metal_big;2.21;3.81;9.96;;;;;
2;metal_big;2.22;3.86;8.8;;;;;
2;metal_big;2.22;3.89;11.39;;;;;
2;metal_big;2.23;3.95;13.04;;;;;
2;metal_big;2.23;3.99;9.55;;;;;
2;metal_big;2.23;4.03;8.82;;;;;
2;metal_big;2.24;4.07;10.36;;;;;
2;metal_big;2.24;4.12;9.82;;;;;
2;metal_big;2.25;4.15;8.82;;;;;
2;metal_big;2.25;4.19;12.45;;;;;
2;metal_big;2.25;4.24;11.18;;;;;
2;metal_big;2.26;4.28;10.2;;;;;
2;metal_big;2.26;4.32;8.94;;;;;
2;metal_big;2.27;4.35;9.04;;;;;
2;metal_big;2.27;4.4;10.89;;;;;
2;metal_big;2.28;4.44;11.39;;;;;
2;metal_big;2.28;4.49;11.07;;;;;
2;metal_big;2.28;4.53;11.07;;;;;
2;metal_big;2.29;4.58;10.87;;;;;
2;metal_big;2.29;4.62;9.38;;;;;
2;metal_big;2.3;4.66;9.45;;;;;
2;metal_big;2.3;4.7;8.94;;;;;
2;metal_big;2.3;4.73;9.45;;;;;
2;metal_big;2.31;4.78;10.37;;;;;
2;metal_big;2.31;4.82;11.39;;;;;
2;metal_big;2.32;4.87;10.92;;;;;
2;metal_big;2.32;4.91;11.18;;;;;
2;metal_big;2.33;4.97;12.96;;;;;
2;metal_big;2.33;5.02;10.47;;;;;
2;metal_big;2.33;5.05;8.43;;;;;
2;metal_big;2.34;5.09;9.84;;;;;
2;metal_big;2.34;5.13;10.37;;;;;
2;metal_big;2.35;5.17;10.92;;;;;
2;metal_big;2.35;5.22;12.96;;;;;
2;metal_big;2.35;5.28;13.98;;;;;
2;metal_big;2.36;5.34;11.44;;;;;
2;metal_big;2.36;5.38;12.53;;;;;
2;metal_big;2.37;5.42;9.73;;;;;
2;metal_big;2.37;5.45;10.2;;;;;
2;metal_big;2.38;5.5;16.06;;;;;
2;metal_big;2.38;5.58;14.51;;;;;
2;metal_big;2.38;5.62;8.86;;;;;
2;metal_big;2.39;5.66;7.41;;;;;
2;metal_big;2.39;5.68;6.23;;;;;
2;metal_big;2.4;5.71;6.73;;;;;
2;metal_big;2.4;5.74;7.47;;;;;
2;metal_big;2.4;5.76;6.75;;;;;
2;metal_big;2.41;5.79;0;;;;;
3;metal_big;2.26;0.06;0;;;;;
3;metal_big;2.27;0.01;9.71;;;;;
3;metal_big;2.27;0.02;6.47;;;;;
3;metal_big;2.28;0.04;4.81;;;;;
3;metal_big;2.28;0.06;6.94;;;;;
3;metal_big;2.28;0.1;9.07;;;;;
3;metal_big;2.29;0.13;6.94;;;;;
3;metal_big;2.29;0.16;6.08;;;;;
3;metal_big;2.3;0.18;8.22;;;;;
3;metal_big;2.3;0.23;8.6;;;;;
3;metal_big;2.3;0.26;5.61;;;;;
3;metal_big;2.31;0.27;6.08;;;;;
3;metal_big;2.31;0.31;8.17;;;;;
3;metal_big;2.32;0.34;6.47;;;;;
3;metal_big;2.32;0.36;4.9;;;;;
3;metal_big;2.33;0.38;8.77;;;;;
3;metal_big;2.33;0.43;10.4;;;;;
3;metal_big;2.33;0.47;4.81;;;;;
3;metal_big;2.34;0.47;5.74;;;;;
3;metal_big;2.34;0.51;8.87;;;;;
3;metal_big;2.35;0.54;4.63;;;;;
3;metal_big;2.35;0.55;4.73;;;;;
3;metal_big;2.35;0.58;6.04;;;;;
3;metal_big;2.36;0.6;3.85;;;;;
3;metal_big;2.36;0.61;5.61;;;;;
3;metal_big;2.37;0.65;9.5;;;;;
3;metal_big;2.37;0.69;8.61;;;;;
3;metal_big;2.38;0.72;9.89;;;;;
3;metal_big;2.38;0.77;8.61;;;;;
3;metal_big;2.38;0.79;7.31;;;;;
3;metal_big;2.39;0.83;9.13;;;;;
3;metal_big;2.39;0.87;6.45;;;;;
3;metal_big;2.4;0.89;5.66;;;;;
3;metal_big;2.4;0.91;6.45;;;;;
3;metal_big;2.4;0.94;6.08;;;;;
3;metal_big;2.41;0.96;6.08;;;;;
3;metal_big;2.41;0.99;6.47;;;;;
3;metal_big;2.42;1.02;6.58;;;;;
3;metal_big;2.42;1.04;8.22;;;;;
3;metal_big;2.43;1.08;7.74;;;;;
3;metal_big;2.43;1.11;7.93;;;;;
3;metal_big;2.43;1.15;6.94;;;;;
3;metal_big;2.44;1.17;5.18;;;;;
3;metal_big;2.44;1.19;6.47;;;;;
3;metal_big;2.45;1.22;7.31;;;;;
3;metal_big;2.45;1.25;7.76;;;;;
3;metal_big;2.45;1.28;7.33;;;;;
3;metal_big;2.46;1.31;6.94;;;;;
3;metal_big;2.46;1.34;8.18;;;;;
3;metal_big;2.47;1.38;7.93;;;;;
3;metal_big;2.47;1.41;6.68;;;;;
3;metal_big;2.48;1.44;5.61;;;;;
3;metal_big;2.48;1.45;9.93;;;;;
3;metal_big;2.48;1.51;10.34;;;;;
3;metal_big;2.49;1.54;6.16;;;;;
3;metal_big;2.49;1.56;8.27;;;;;
3;metal_big;2.5;1.6;7.62;;;;;
3;metal_big;2.5;1.63;4.81;;;;;
3;metal_big;2.5;1.64;5.99;;;;;
3;metal_big;2.51;1.67;8.61;;;;;
3;metal_big;2.51;1.71;8.6;;;;;
3;metal_big;2.52;1.74;7.62;;;;;
3;metal_big;2.52;1.78;7.09;;;;;
3;metal_big;2.53;1.8;7.51;;;;;
3;metal_big;2.53;1.84;8.86;;;;;
3;metal_big;2.53;1.87;8.65;;;;;
3;metal_big;2.54;1.91;7.35;;;;;
3;metal_big;2.54;1.92;6.04;;;;;
3;metal_big;2.55;1.96;8.61;;;;;
3;metal_big;2.55;1.99;7.76;;;;;
3;metal_big;2.55;2.02;8.6;;;;;
3;metal_big;2.56;2.07;8.17;;;;;
3;metal_big;2.56;2.09;4.75;;;;;
3;metal_big;2.57;2.11;5.04;;;;;
3;metal_big;2.57;2.13;8.18;;;;;
3;metal_big;2.58;2.17;7.85;;;;;
3;metal_big;2.58;2.2;6.08;;;;;
3;metal_big;2.58;2.22;8.17;;;;;
3;metal_big;2.59;2.26;9.93;;;;;
3;metal_big;2.59;2.31;6.9;;;;;
3;metal_big;2.6;2.32;6.02;;;;;
3;metal_big;2.6;2.36;7.79;;;;;
3;metal_big;2.6;2.39;6.9;;;;;
3;metal_big;2.61;2.41;7.76;;;;;
3;metal_big;2.61;2.45;7.85;;;;;
3;metal_big;2.62;2.48;6.04;;;;;
3;metal_big;2.62;2.5;8.61;;;;;
3;metal_big;2.63;2.55;8.7;;;;;
3;metal_big;2.63;2.57;5.61;;;;;
3;metal_big;2.63;2.6;7.76;;;;;
3;metal_big;2.64;2.64;7.31;;;;;
3;metal_big;2.64;2.66;7.43;;;;;
3;metal_big;2.65;2.7;7.74;;;;;
3;metal_big;2.65;2.72;6.45;;;;;
3;metal_big;2.65;2.75;5.66;;;;;
3;metal_big;2.66;2.77;6.16;;;;;
3;metal_big;2.66;2.8;8.22;;;;;
3;metal_big;2.67;2.84;8.61;;;;;
3;metal_big;2.67;2.87;8.6;;;;;
3;metal_big;2.68;2.91;7.76;;;;;
3;metal_big;2.68;2.94;6.16;;;;;
3;metal_big;2.68;2.96;7.35;;;;;
3;metal_big;2.69;2.99;6.58;;;;;
3;metal_big;2.69;3.01;7.31;;;;;
3;metal_big;2.7;3.05;9.9;;;;;
3;metal_big;2.7;3.09;7.76;;;;;
3;metal_big;2.7;3.11;6.47;;;;;
3;metal_big;2.71;3.15;6.68;;;;;
3;metal_big;2.71;3.17;6.04;;;;;
3;metal_big;2.72;3.2;8.22;;;;;
3;metal_big;2.72;3.23;9.93;;;;;
3;metal_big;2.73;3.28;7.76;;;;;
3;metal_big;2.73;3.3;6.04;;;;;
3;metal_big;2.73;3.33;7.74;;;;;
3;metal_big;2.74;3.36;8.35;;;;;
3;metal_big;2.74;3.4;8.22;;;;;
3;metal_big;2.75;3.43;7.12;;;;;
3;metal_big;2.75;3.45;5.61;;;;;
3;metal_big;2.75;3.48;7.09;;;;;
3;metal_big;2.76;3.51;9.04;;;;;
3;metal_big;2.76;3.55;8.6;;;;;
3;metal_big;2.77;3.58;5.99;;;;;
3;metal_big;2.77;3.6;5.77;;;;;
3;metal_big;2.78;3.63;8.27;;;;;
3;metal_big;2.78;3.67;6.94;;;;;
3;metal_big;2.78;3.68;6.47;;;;;
3;metal_big;2.79;3.72;8.77;;;;;
3;metal_big;2.79;3.75;7.79;;;;;
3;metal_big;2.8;3.79;9.93;;;;;
3;metal_big;2.8;3.83;9.93;;;;;
3;metal_big;2.8;3.87;7.76;;;;;
3;metal_big;2.81;3.9;7.93;;;;;
3;metal_big;2.81;3.93;8.77;;;;;
3;metal_big;2.82;3.97;7.85;;;;;
3;metal_big;2.82;4;6.94;;;;;
3;metal_big;2.83;4.03;8.27;;;;;
3;metal_big;2.83;4.07;8.17;;;;;
4;metal_big;6.28;0.08;0;;;;;
4;metal_big;6.29;0.03;10.42;;;;;
4;metal_big;6.29;0.01;7.42;;;;;
4;metal_big;6.3;0.03;8.36;;;;;
4;metal_big;6.3;0.08;16.59;;;;;
4;metal_big;6.3;0.17;8.82;;;;;
4;metal_big;6.31;0.15;4.27;;;;;
4;metal_big;6.31;0.16;4.89;;;;;
4;metal_big;6.32;0.19;5.28;;;;;
4;metal_big;6.32;0.2;5.79;;;;;
4;metal_big;6.33;0.23;7.77;;;;;
4;metal_big;6.33;0.27;8.81;;;;;
4;metal_big;6.33;0.31;10.99;;;;;
4;metal_big;6.34;0.36;10.38;;;;;
4;metal_big;6.34;0.39;5.7;;;;;
4;metal_big;6.35;0.41;6.76;;;;;
4;metal_big;6.35;0.45;9.38;;;;;
4;metal_big;6.35;0.48;10.89;;;;;
4;metal_big;6.36;0.54;9.9;;;;;
4;metal_big;6.36;0.57;8.87;;;;;
4;metal_big;6.37;0.61;9.38;;;;;
4;metal_big;6.37;0.64;8.31;;;;;
4;metal_big;6.38;0.68;7.27;;;;;
4;metal_big;6.38;0.7;6.24;;;;;
4;metal_big;6.38;0.73;7.93;;;;;
4;metal_big;6.39;0.77;8.31;;;;;
4;metal_big;6.39;0.8;8.82;;;;;
4;metal_big;6.4;0.84;8.82;;;;;
4;metal_big;6.4;0.88;8.36;;;;;
4;metal_big;6.4;0.91;8.31;;;;;
4;metal_big;6.41;0.95;8.29;;;;;
4;metal_big;6.41;0.98;9.33;;;;;
4;metal_big;6.42;1.02;10.38;;;;;
4;metal_big;6.42;1.07;8.31;;;;;
4;metal_big;6.43;1.09;6.82;;;;;
4;metal_big;6.43;1.12;7.25;;;;;
4;metal_big;6.43;1.15;7.25;;;;;
4;metal_big;6.44;1.18;8.29;;;;;
4;metal_big;6.44;1.22;11.08;;;;;
4;metal_big;6.45;1.27;10.38;;;;;
4;metal_big;6.45;1.31;8.04;;;;;
4;metal_big;6.45;1.34;9.34;;;;;
4;metal_big;6.46;1.39;9.38;;;;;
4;metal_big;6.46;1.42;6.82;;;;;
4;metal_big;6.47;1.44;7.27;;;;;
4;metal_big;6.47;1.48;8.95;;;;;
4;metal_big;6.48;1.52;10.48;;;;;
4;metal_big;6.48;1.56;12.53;;;;;
4;metal_big;6.48;1.62;9.86;;;;;
4;metal_big;6.49;1.64;8.44;;;;;
4;metal_big;6.49;1.69;8.95;;;;;
4;metal_big;6.5;1.72;8.44;;;;;
4;metal_big;6.5;1.76;8.81;;;;;
4;metal_big;6.5;1.79;8.29;;;;;
4;metal_big;6.51;1.83;8.82;;;;;
4;metal_big;6.51;1.86;7.25;;;;;
4;metal_big;6.52;1.89;7.93;;;;;
4;metal_big;6.52;1.93;10.48;;;;;
4;metal_big;6.53;1.97;8.55;;;;;
4;metal_big;6.53;2;7.42;;;;;
4;metal_big;6.53;2.03;8.81;;;;;
4;metal_big;6.54;2.07;10.38;;;;;
4;metal_big;6.54;2.12;10.06;;;;;
4;metal_big;6.55;2.15;8.44;;;;;
4;metal_big;6.55;2.19;10.38;;;;;
4;metal_big;6.55;2.24;11.59;;;;;
4;metal_big;6.56;2.28;8.95;;;;;
4;metal_big;6.56;2.31;6.24;;;;;
4;metal_big;6.57;2.34;7.84;;;;;
4;metal_big;6.57;2.38;9.33;;;;;
4;metal_big;6.58;2.41;7.79;;;;;
4;metal_big;6.58;2.44;9.9;;;;;
4;metal_big;6.58;2.5;10.99;;;;;
4;metal_big;6.59;2.53;9.9;;;;;
4;metal_big;6.59;2.58;10.82;;;;;
4;metal_big;6.6;2.62;8.36;;;;;
4;metal_big;6.6;2.65;6.82;;;;;
4;metal_big;6.6;2.68;7.84;;;;;
4;metal_big;6.61;2.71;8.29;;;;;
4;metal_big;6.61;2.75;8.31;;;;;
4;metal_big;6.62;2.78;10.48;;;;;
4;metal_big;6.62;2.83;8.82;;;;;
4;metal_big;6.63;2.85;7.42;;;;;
4;metal_big;6.63;2.89;9.34;;;;;
4;metal_big;6.63;2.93;9.9;;;;;
4;metal_big;6.64;2.97;11.45;;;;;
4;metal_big;6.64;3.03;11.41;;;;;
4;metal_big;6.65;3.07;7.27;;;;;
4;metal_big;6.65;3.09;6.22;;;;;
4;metal_big;6.65;3.12;9.53;;;;;
4;metal_big;6.66;3.16;9.53;;;;;
4;metal_big;6.66;3.19;10.57;;;;;
4;metal_big;6.67;3.25;10.36;;;;;
4;metal_big;6.67;3.28;6.26;;;;;
4;metal_big;6.68;3.29;9.34;;;;;
4;metal_big;6.68;3.36;11.08;;;;;
4;metal_big;6.68;3.38;6.82;;;;;
4;metal_big;6.69;3.42;9.34;;;;;
4;metal_big;6.69;3.46;10.48;;;;;
4;metal_big;6.7;3.5;10.48;;;;;
4;metal_big;6.7;3.55;10.36;;;;;
4;metal_big;6.7;3.59;8.55;;;;;
4;metal_big;6.71;3.62;6.41;;;;;
4;metal_big;6.71;3.64;9.34;;;;;
4;metal_big;6.72;3.69;15.25;;;;;
4;metal_big;6.72;3.76;11.93;;;;;
4;metal_big;6.73;3.79;8.82;;;;;
4;metal_big;6.73;3.84;9.46;;;;;
4;metal_big;6.73;3.87;7.33;;;;;
4;metal_big;6.74;3.9;10.36;;;;;
4;metal_big;6.74;3.95;12.7;;;;;
4;metal_big;6.75;4;8.36;;;;;
4;metal_big;6.75;4.02;7.2;;;;;
4;metal_big;6.75;4.05;8.04;;;;;
4;metal_big;6.76;4.09;10.88;;;;;
4;metal_big;6.76;4.14;10.93;;;;;
4;metal_big;6.77;4.18;6.76;;;;;
4;metal_big;6.77;4.2;8.55;;;;;
4;metal_big;6.78;4.25;11.59;;;;;
4;metal_big;6.78;4.3;9.33;;;;;
4;metal_big;6.78;4.33;9.86;;;;;
4;metal_big;6.79;4.38;10.36;;;;;
4;metal_big;6.79;4.41;7.79;;;;;
4;metal_big;6.8;4.44;8.29;;;;;
4;metal_big;6.8;4.48;9.38;;;;;
4;metal_big;6.8;4.52;9.55;;;;;
4;metal_big;6.81;4.56;9.9;;;;;
4;metal_big;6.81;4.6;9.85;;;;;
4;metal_big;6.82;4.64;8.81;;;;;
4;metal_big;6.82;4.68;10.06;;;;;
4;metal_big;6.83;4.72;11.59;;;;;
4;metal_big;6.83;4.77;8.81;;;;;
4;metal_big;6.83;4.8;7.42;;;;;
4;metal_big;6.84;4.83;7.05;;;;;
4;metal_big;6.84;4.85;6.24;;;;;
4;metal_big;6.85;4.88;0;;;;;
5;metal_big;0.36;0.1;0;;;;;
5;metal_big;0.37;0.13;4.83;;;;;
5;metal_big;0.37;0.14;5.9;;;;;
5;metal_big;0.38;0.18;3.39;;;;;
5;metal_big;0.38;0.17;2.21;;;;;
5;metal_big;0.38;0.19;9.66;;;;;
5;metal_big;0.39;0.25;11.58;;;;;
5;metal_big;0.39;0.29;8.73;;;;;
5;metal_big;0.4;0.32;5.39;;;;;
5;metal_big;0.4;0.33;8.58;;;;;
5;metal_big;0.4;0.39;14.84;;;;;
5;metal_big;0.41;0.45;9.67;;;;;
5;metal_big;0.41;0.47;6.99;;;;;
5;metal_big;0.42;0.51;8.73;;;;;
5;metal_big;0.42;0.55;8.4;;;;;
5;metal_big;0.43;0.57;6.53;;;;;
5;metal_big;0.43;0.6;7.98;;;;;
5;metal_big;0.43;0.64;8.6;;;;;
5;metal_big;0.44;0.67;8.65;;;;;
5;metal_big;0.44;0.71;8.6;;;;;
5;metal_big;0.45;0.74;8.6;;;;;
5;metal_big;0.45;0.78;7.51;;;;;
5;metal_big;0.45;0.81;7.16;;;;;
5;metal_big;0.46;0.84;7.68;;;;;
5;metal_big;0.46;0.87;8.21;;;;;
5;metal_big;0.47;0.9;8.06;;;;;
5;metal_big;0.47;0.94;8.33;;;;;
5;metal_big;0.48;0.97;9.37;;;;;
5;metal_big;0.48;1.01;8.06;;;;;
5;metal_big;0.48;1.04;7.59;;;;;
5;metal_big;0.49;1.07;9.67;;;;;
5;metal_big;0.49;1.12;9.18;;;;;
5;metal_big;0.5;1.15;6.99;;;;;
5;metal_big;0.5;1.18;9.12;;;;;
5;metal_big;0.5;1.23;9.26;;;;;
5;metal_big;0.51;1.25;6.64;;;;;
5;metal_big;0.51;1.28;10.32;;;;;
5;metal_big;0.52;1.34;15.17;;;;;
5;metal_big;0.52;1.4;7.68;;;;;
5;metal_big;0.53;1.4;5.28;;;;;
5;metal_big;0.53;1.44;8.58;;;;;
5;metal_big;0.53;1.47;8.06;;;;;
5;metal_big;0.54;1.51;10.32;;;;;
5;metal_big;0.54;1.56;7.53;;;;;
5;metal_big;0.55;1.57;6.46;;;;;
5;metal_big;0.55;1.61;6.53;;;;;
5;metal_big;0.55;1.63;6.53;;;;;
5;metal_big;0.56;1.66;10.02;;;;;
5;metal_big;0.56;1.71;10.78;;;;;
5;metal_big;0.57;1.75;10.21;;;;;
5;metal_big;0.57;1.79;10.19;;;;;
5;metal_big;0.58;1.84;12.88;;;;;
5;metal_big;0.58;1.9;11.8;;;;;
5;metal_big;0.58;1.94;7.68;;;;;
5;metal_big;0.59;1.96;10.36;;;;;
5;metal_big;0.59;2.02;10.19;;;;;
5;metal_big;0.6;2.05;7.98;;;;;
5;metal_big;0.6;2.08;11.06;;;;;
5;metal_big;0.6;2.14;10.54;;;;;
5;metal_big;0.61;2.16;8.33;;;;;
5;metal_big;0.61;2.2;9.67;;;;;
5;metal_big;0.62;2.24;8.65;;;;;
5;metal_big;0.62;2.28;7.53;;;;;
5;metal_big;0.63;2.31;8.6;;;;;
5;metal_big;0.63;2.35;9.67;;;;;
5;metal_big;0.63;2.39;8.06;;;;;
5;metal_big;0.64;2.41;8.06;;;;;
5;metal_big;0.64;2.46;8.48;;;;;
5;metal_big;0.65;2.48;8.85;;;;;
5;metal_big;0.65;2.53;10.73;;;;;
5;metal_big;0.65;2.55;7.2;;;;;
5;metal_big;0.66;2.58;9.37;;;;;
5;metal_big;0.66;2.62;12.23;;;;;
5;metal_big;0.67;2.68;12.88;;;;;
5;metal_big;0.67;2.73;9.66;;;;;
5;metal_big;0.68;2.76;10.94;;;;;
5;metal_big;0.68;2.82;12.44;;;;;
5;metal_big;0.68;2.86;8.33;;;;;
5;metal_big;0.69;2.89;11.52;;;;;
5;metal_big;0.69;2.95;11.91;;;;;
5;metal_big;0.7;2.99;8.65;;;;;
5;metal_big;0.7;3.02;7.06;;;;;
5;metal_big;0.7;3.05;6.46;;;;;
5;metal_big;0.71;3.07;8.06;;;;;
5;metal_big;0.71;3.11;10.32;;;;;
5;metal_big;0.72;3.16;9.18;;;;;
5;metal_big;0.72;3.19;7.51;;;;;
5;metal_big;0.73;3.22;8.58;;;;;
5;metal_big;0.73;3.26;11.47;;;;;
5;metal_big;0.73;3.31;10.42;;;;;
5;metal_big;0.74;3.34;8.99;;;;;
5;metal_big;0.74;3.38;9.17;;;;;
5;metal_big;0.75;3.42;9.72;;;;;
5;metal_big;0.75;3.47;9.37;;;;;
5;metal_big;0.75;3.49;10.74;;;;;
5;metal_big;0.76;3.55;11.28;;;;;
5;metal_big;0.76;3.59;7.68;;;;;
5;metal_big;0.77;3.62;8.6;;;;;
5;metal_big;0.77;3.66;9.67;;;;;
5;metal_big;0.78;3.7;10.78;;;;;
5;metal_big;0.78;3.75;9.67;;;;;
5;metal_big;0.78;3.78;7.59;;;;;
5;metal_big;0.79;3.81;8.21;;;;;
5;metal_big;0.79;3.85;15.12;;;;;
5;metal_big;0.8;3.92;13.57;;;;;
5;metal_big;0.8;3.95;11.06;;;;;
5;metal_big;0.8;3.99;9.85;;;;;
5;metal_big;0.81;4.02;8.99;;;;;
5;metal_big;0.81;4.06;9.18;;;;;
5;metal_big;0.82;4.1;10.19;;;;;
5;metal_big;0.82;4.15;13.68;;;;;
5;metal_big;0.83;4.2;11.38;;;;;
5;metal_big;0.83;4.24;8.38;;;;;
5;metal_big;0.83;4.26;6.46;;;;;
5;metal_big;0.84;4.28;10.08;;;;;
5;metal_big;0.84;4.33;11.85;;;;;
5;metal_big;0.85;4.38;10.85;;;;;
5;metal_big;0.85;4.42;11.91;;;;;
5;metal_big;0.85;4.48;13.15;;;;;
5;metal_big;0.86;4.53;10.85;;;;;
5;metal_big;0.86;4.57;10.69;;;;;
5;metal_big;0.87;4.61;9.37;;;;;
5;metal_big;0.87;4.64;7.51;;;;;
5;metal_big;0.88;4.68;9.66;;;;;
5;metal_big;0.88;4.72;10.25;;;;;
5;metal_big;0.88;4.76;9.18;;;;;
5;metal_big;0.89;4.8;8.73;;;;;
5;metal_big;0.89;4.83;10.85;;;;;
5;metal_big;0.9;4.89;12.52;;;;;
5;metal_big;0.9;4.94;7.53;;;;;
5;metal_big;0.9;4.95;5.47;;;;;
5;metal_big;0.91;4.98;7.16;;;;;
5;metal_big;0.91;5.01;7.00;;;;;
5;metal_big;0.92;5.1;12.00;;;;;
5;metal_big;0.92;5.12;10.86;;;;;
5;metal_big;0.93;5.18;13.58;;;;;
5;metal_big;0.93;5.23;12.9;;;;;
5;metal_big;0.93;5.28;14.84;;;;;
